url,title,read,collection,like
http://www.woshipm.com/chuangye/1876481.html,SaaS 创业 4 年，我做互联网市场的 55 条经验感悟,380,1,0
http://www.woshipm.com/it/1875195.html,多闪：视频社交是一个伪需求,14,0,0
http://www.woshipm.com/it/1876188.html,为什么你的 App 知道你想买什么？,776,7,1
http://www.woshipm.com/newretail/1875712.html,2019新变局：加码线下零售的网易电商,423,0,0
http://www.woshipm.com/operate/1872242.html,用户增长：打造自己的流量池！,567,2,1
http://www.woshipm.com/pd/1178573.html,盈盈理财产品3.0改版设计思考,547,2,3
http://www.woshipm.com/chuangye/1875964.html,抖音是怎么做出来的？| 创业故事,878,3,4
http://www.woshipm.com/ai/1872509.html,风口之上，车联网系统到底会不会是“另一个”智能手机系统？,188,0,0
http://www.woshipm.com/it/1874935.html,社交赛道抢跑者，Soul如何斩获五千万用户？,2607,5,0
http://www.woshipm.com/data-analysis/1865457.html,数据的比较分析（一）：我们达到或者超过目标了吗？,1309,3,1
http://www.woshipm.com/rp/1869585.html,Axure RP 9 教程：记录你的能力值,920,1,0
http://www.woshipm.com/marketing/1873650.html,传统企业新营销，“新”在哪里,2056,5,4
http://www.woshipm.com/marketing/1867439.html,做营销最大的敌人——是战略思维的懒惰！,2101,3,1
http://www.woshipm.com/zhichang/1869900.html,新手如何提高设计眼界与设计思维？,345,2,0
http://www.woshipm.com/user-research/1870713.html,海外产品用户研究如何有效的进行：可用性测试篇,1131,4,2
http://www.woshipm.com/chuangye/1872840.html,杀死“公司”：坚持不融资不上市的Valve，是如何颠覆企业组织架构的？,2105,3,1
http://www.woshipm.com/operate/1846634.html,互金平台如何做用户留存？,1236,2,2
http://www.woshipm.com/it/1873331.html,瑞幸在用快车的打法做咖啡,3290,2,2
http://www.woshipm.com/it/1871967.html,春运来临，重新审视顺风车,1555,1,1
http://www.woshipm.com/it/1872872.html,大量产品服务“贬值”，才会是社会进步的标志,1049,1,2
http://www.woshipm.com/operate/1869916.html,您的2019年新媒体运营指南，请查收！,3082,5,4
http://www.woshipm.com/it/1871181.html,张小龙做微信时，42岁,4757,5,5
http://www.woshipm.com/newretail/1865896.html,新零售线下运营：28种拉新方法思考,2199,5,0
http://www.woshipm.com/pd/1871765.html,图标该配上文字吗？,2098,2,3
http://www.woshipm.com/it/1873610.html,微信发布新版本，很多创业者都激动了一夜,6092,5,0
http://www.woshipm.com/newretail/1870408.html,内部创业项目复盘,1135,2,2
http://www.woshipm.com/operate/1873570.html,一文读懂社交电商的两种玩法,1815,2,2
http://www.woshipm.com/operate/1870585.html,激发用户欲望的奖品才是裂变活动的关键,3180,7,16
http://www.woshipm.com/pd/1870672.html,2019，工业设计也需要分级？,811,1,2
http://www.woshipm.com/pd/1866894.html,电商运营的活动设计（一）,1597,1,0
http://www.woshipm.com/it/1860984.html,张小龙的常识和做产品的方法,4419,10,6
http://www.woshipm.com/it/1871540.html,2019，逆境之下，从「追风口」到「找风向」,4484,45,11
http://www.woshipm.com/evaluating/1867910.html,产品分析报告：从”壹心理”，看心理服务市场,4810,21,15
http://www.woshipm.com/operate/1869466.html,2019年新媒体行业预测：老树发新芽，行业第二春,3181,30,8
http://www.woshipm.com/zhichang/1867524.html,头脑风暴：健康体检会议复盘,1473,2,1
http://www.woshipm.com/operate/1869131.html,软文的3重境界,926,0,1
http://www.woshipm.com/operate/1845503.html,运营进阶：用户激励体系底层逻辑剖析,945,3,5
http://www.woshipm.com/it/1868369.html,红包大战再起，“锦鲤天团”出道,443,2,0
http://www.woshipm.com/it/1867554.html,互联网+教育：在线教育五种盈利模式,1980,0,0
http://www.woshipm.com/newretail/1866136.html,T.J.Maxx当道、爱库存崛起，折扣零售为何能后来居上？,640,0,2
http://www.woshipm.com/operate/1869483.html,如何做好ToG类产品？,6281,45,17
http://www.woshipm.com/pmd/1868754.html,项目复盘：新产品如何进行对外输出,3495,9,1
http://www.woshipm.com/pd/1863232.html,超全面服务设计原则：创建更好的服务,1244,2,1
http://www.woshipm.com/pd/1868254.html,社交营销产品设计思考,855,2,2
http://www.woshipm.com/it/1867266.html,互联网教育产品设计思考：还原教育本来的样子,3493,5,3
http://www.woshipm.com/it/1869234.html,凉透的直播，2019年会好吗？,880,0,0
http://www.woshipm.com/evaluating/1864748.html,步数宝产品分析：小程序社交电商来了吗？,5294,14,7
http://www.woshipm.com/pd/1869685.html,重新解读经典，打造惊喜体验,2817,12,24
http://www.woshipm.com/pmd/1868196.html,智能硬件产品经理的工作内容,7766,11,10
http://www.woshipm.com/zhichang/1869526.html,想成为设计团队leader，你需要做这几件事,3269,21,8
http://www.woshipm.com/pd/1867578.html,如何做电商平台的首页功能设计？,4289,33,6
http://www.woshipm.com/pd/1866801.html,一文讲明短信验证流程的设计要点,2410,15,6
http://www.woshipm.com/evaluating/1868144.html,使用5W1H原则分析小程序,3064,9,4
http://www.woshipm.com/it/1868885.html,快手，一个慢公司的远征,1.7万,9,7
http://www.woshipm.com/pmd/1867998.html,产品需求文档里的一些容易遗漏的点,7089,29,12
http://www.woshipm.com/evaluating/1866778.html,从4个方面聊聊多闪,6374,15,4
http://www.woshipm.com/marketing/1866521.html,如何做好对B内容营销？,3298,10,3
http://www.woshipm.com/pd/1866748.html,设计中的5大渐变趋势以及如何有效地使用,2432,7,5
http://www.woshipm.com/copy/1866228.html,怎样写出《啥是佩奇》那样的文案神转折？,6592,19,12
http://www.woshipm.com/it/1865561.html,案例 | 拼多多，社交红利第一拼,3803,12,11
http://www.woshipm.com/marketing/1865371.html,深度分析Facebook ADS广告投放平台（4）：广告、创意和投放逻辑,686,1,1
http://www.woshipm.com/it/1868058.html,十亿日活攻防战,4576,10,9
http://www.woshipm.com/pd/1840908.html,以滴滴出行用户用车为例，教你如何绘制业务流程图,1460,6,3
http://www.woshipm.com/copy/1865427.html,写出文案标题金句的15个方法，比上语文课还管用！,4854,48,13
http://www.woshipm.com/pd/1864401.html,基于反事实思维的用户后悔机制设计指南,1307,1,2
http://www.woshipm.com/it/1863202.html,请让得到飞一会,923,1,1
http://www.woshipm.com/pmd/1864686.html,2019年，你必须知道的产品经理能力模型,2.5万,201,85
http://www.woshipm.com/pd/1865668.html,专车业务在旅游行业中的应用思考,2042,2,1
http://www.woshipm.com/pmd/1865315.html,我有头脑、有思考，为什么需要实习才能成为好PM？,6198,17,10
http://www.woshipm.com/it/1864023.html,社交产品不要老想着颠覆微信，颠覆微信的不会是社交,8864,51,30
http://www.woshipm.com/pmd/1865530.html,人工智能时代：如何写一份高质量的埋点文档,1.5万,310,48
http://www.woshipm.com/data-analysis/1865628.html,如何处理多因子权重赋值的问题？,419,2,2
http://www.woshipm.com/pd/1864089.html,产品设计没有default,3748,13,4
http://www.woshipm.com/ucd/1849957.html,七大交互心理学（下）,1.1万,76,26
http://www.woshipm.com/it/1864507.html,为什么汉堡总推陈出新，而鸡翅薯条千年不变？,6947,20,8
http://www.woshipm.com/it/1865351.html,微信小程序的逻辑和演进思考,2084,3,11
http://www.woshipm.com/it/1865504.html,互联网很大，大到没有创新,8.2万,64,54
http://www.woshipm.com/pmd/1863343.html,2018，我产品生涯的第二年是这样度过的,1650,2,0
http://www.woshipm.com/marketing/1860381.html,除了烧钱买用户，瑞幸还做了哪些营销？,7141,16,4
http://www.woshipm.com/it/1862808.html,互联网医疗：智能硬件大数据下的心电监测,2208,10,6
http://www.woshipm.com/zhichang/1864121.html,用时最短的方法论，教你如何最快适应新工作,3757,3,2
http://www.woshipm.com/marketing/1862294.html,剖析《啥是佩奇》刷屏背后的自传播机制,1355,3,2
http://www.woshipm.com/pd/1195390.html,房产中介产品分享功能的六种形式,1882,6,4
http://www.woshipm.com/ai/1862996.html,万字解析：“AI芯片”通识,1861,12,10
http://www.woshipm.com/ai/1848151.html,作为AI产品经理，该如何考虑公司自研的人脸识别产品,2596,20,9
http://www.woshipm.com/operate/1862753.html,裂变实操：1个模型+4个步骤，教你薅尽微信流量羊毛,8251,62,17
http://www.woshipm.com/pd/1856713.html,针对新老用户发送优惠券的H5界面设计,4056,45,10
http://www.woshipm.com/it/1861597.html,我觉得，多闪的场景可能没找对,4873,6,3
http://www.woshipm.com/it/1862140.html,【天天问每周精选】第63期：互联网的春节效应，会让谁翻身？,1621,1,2
http://www.woshipm.com/it/1856753.html,网易云音乐为什么被“匿名社交”闪了腰,8425,45,8
http://www.woshipm.com/copy/1859969.html,一条价值“十亿”的宣传语：微信支付VS支付宝,8859,12,11
http://www.woshipm.com/marketing/1862237.html,一个成功的事件营销，至少需要这三点特质,3856,5,8
http://www.woshipm.com/it/1860194.html,CRM管理：开票申请的详细介绍,3045,14,1
http://www.woshipm.com/it/1862290.html,以工匠精神专注IT教育，起点学院再度斩获 “年度最受欢迎奖”,1984,3,6
http://www.woshipm.com/chuangye/1861446.html,《燃点》观后：创业很苦，也不是唯一出路,1122,1,1
http://www.woshipm.com/evaluating/1859994.html,视频水印竞品调研分析,3329,18,6
http://www.woshipm.com/rp/1860148.html,Axure | 滑动条：拖动滑块改变进度,2201,4,2
http://www.woshipm.com/evaluating/1859537.html,竞品分析：直播吧 VS 懂球帝 VS PP体育,5149,26,9
http://www.woshipm.com/pmd/1860832.html,从《啥是佩奇》提炼出的产品三部曲,1.3万,64,34
http://www.woshipm.com/it/1860778.html,变美：走个T台步,743,0,0
http://www.woshipm.com/rp/1859905.html,Axure RP 9 教程：环形进度条,1212,0,2
http://www.woshipm.com/newretail/1860775.html,奇葩的零售业现象：跑的越快，跌的越狠,692,0,0
http://www.woshipm.com/it/1860968.html,流量枯竭时代，转换生意逻辑很必要,809,5,0
http://www.woshipm.com/operate/1861137.html,美团的会员体系，你真的了解吗？,7906,26,4
http://www.woshipm.com/pd/1856035.html,明星脱粉背后：偏离产品定位引发的用户流失,5657,6,6
http://www.woshipm.com/it/1859915.html,亲手创造一场盛宴，再“毁”了它，腾讯视频意欲何为？,3382,8,0
http://www.woshipm.com/it/1860648.html,四点趋势，看懂2019年音乐综艺发展走向,1452,4,0
http://www.woshipm.com/user-research/1859936.html,用户体验地图如何落地？,4724,45,78
http://www.woshipm.com/pd/1859954.html,陌生人社交产品分析（上篇）,2964,9,5
http://www.woshipm.com/it/1859224.html,看不懂瑞幸咖啡烧钱上市，也许是因为不了解真实的国民消费力,4795,14,4
http://www.woshipm.com/it/1858854.html,一群没看懂Costco的人，居然要在中国做“Costco”！,3365,16,5
http://www.woshipm.com/pd/1859490.html,心理实验对可用性测试有哪些启发？,1429,5,3
http://www.woshipm.com/pmd/1859168.html,“采坑，填坑”，项目的那些事儿（第六阶段：测试验收）,2521,3,1
http://www.woshipm.com/pmd/1857656.html,如何成为CEO信任的产品经理？,4683,31,12
http://www.woshipm.com/it/1858011.html,瑞幸咖啡，不断进化的新物种,1744,6,1
http://www.woshipm.com/chuangye/1858307.html,企业项目化管理如何成功落地,1231,9,3
http://www.woshipm.com/pmd/1858879.html,如何让程序员放下手中的刀？,4088,13,13
http://www.woshipm.com/it/1855939.html,王欣的奔跑,3020,5,4
http://www.woshipm.com/it/1860071.html,​中韩“开餐厅”综艺进化史,534,1,0
http://www.woshipm.com/rp/1856946.html,用Axure做出手风琴式联动交互效果,905,0,1
http://www.woshipm.com/it/1858348.html,社交产品思考：未来是否将发生大变局,666,2,0
http://www.woshipm.com/pd/1859715.html,拨动情绪的内容设计 | QQ团队短视频的完整设计过程,2829,3,1
http://www.woshipm.com/operate/1857770.html,社群运营 | 掌握这三步，让你的社群“活”过来,5683,21,15
http://www.woshipm.com/it/1850694.html,丁香云管家VS平安万家，谁将拿下基层医疗信息化市场,583,0,0
http://www.woshipm.com/chuangye/1859533.html,SaaS创业路线图（32）：如何找对合伙人？,2064,3,1
http://www.woshipm.com/marketing/1855894.html,数字营销，是企业数字化转型的最佳切入口,2172,5,2
http://www.woshipm.com/it/1857594.html,从转转、闲鱼到多抓鱼、漫游鲸，看如何修炼二手书电商过冬术,600,0,0
http://www.woshipm.com/rp/1832538.html,Axure：图片切换放大、缩小效果展示（下）,988,3,0
http://www.woshipm.com/pmd/1858441.html,做好需求分析需要注意这几个关键点,1万,160,42
http://www.woshipm.com/it/1857703.html,你们的需求对齐了吗？,843,8,8
http://www.woshipm.com/marketing/1856973.html,2019年B2B行业营销策略白皮书完整版,1142,2,0
http://www.woshipm.com/zhichang/1855714.html,项目管理实践：如何进行项目划分？,1159,1,1
http://www.woshipm.com/evaluating/1851236.html,“聊天宝”挣钱清单新鲜出炉，金币提现的激励徒有其表,8862,14,17
http://www.woshipm.com/pd/1857364.html,知乎关注页的屏蔽逻辑优化,956,0,2
http://www.woshipm.com/it/1854825.html,车载系统华山论剑：Ali OS、Android、QNX孰优孰劣,543,1,0
http://www.woshipm.com/operate/1852319.html,1分钱如何获得10万用户？这是真的？,2185,1,2
http://www.woshipm.com/it/1856358.html,流水的挑战者铁打的微信，社交为何让人如此迷恋？,3764,7,8
http://www.woshipm.com/zhichang/1856505.html,如何创建自己的工作指南，把事情做的更快更好？,9540,28,14
http://www.woshipm.com/operate/1855845.html,思考：B端产品在初期冷启动阶段要如何做？,6484,47,11
http://www.woshipm.com/rp/1851778.html,Axure制作页面下拉时，顶部导航浮动并切换的交互效果,526,1,0
http://www.woshipm.com/data-analysis/1854089.html,定目的、观数据、断样本、选公式、缩误差，五步估算你的样本有多准,1381,7,4
http://www.woshipm.com/zhichang/1857404.html,科学的涨工资，只需要5个方法,9511,61,10
http://www.woshipm.com/zhichang/1855662.html,反思日志：自我提升最简单的“核心算法”,3821,30,14
http://www.woshipm.com/it/1856059.html,外卖涨价不丢人，关键是值不值这个价,8326,6,3
http://www.woshipm.com/pmd/1857236.html,DPM认知修炼3：数据产品经理的多重身份,1277,1,2
http://www.woshipm.com/operate/1851795.html,情侣类KOL获广告主青睐，“看别人恋爱”的需求有多大？,1326,0,0
http://www.woshipm.com/pmd/1854060.html,产品共创会召开指南,1674,4,1
http://www.woshipm.com/it/1855969.html,互联网年会图鉴：去年煮酒论英雄，今年却似新亭会,5085,4,9
http://www.woshipm.com/it/1855616.html,社交终局：多闪、马桶MT和聊天宝的人性与微信之战？,3058,3,2
http://www.woshipm.com/operate/1856378.html,多种玩法解析：打造高效的App邀请方案,5018,34,24
http://www.woshipm.com/it/1854738.html,运营的全分层架构,9185,28,9
http://www.woshipm.com/it/1855129.html,相比于微信5.0，微信7.0只能是一个年龄渐长的代号,2186,7,5
http://www.woshipm.com/it/1852499.html,“多闪”对标的根本不是“微信”，四个悖论证明,4740,11,3
http://www.woshipm.com/it/1856161.html,产品经理周报第 53 期｜今日头条App上线“帐号内搜索”；百度宣布成为央视春晚红包独家网络互动平台,3249,10,5
http://www.woshipm.com/ai/1854393.html,智能外呼到底有多智能？,4609,17,20
http://www.woshipm.com/it/1853510.html,聊天宝：老罗的情怀再度崩塌，但或许收获了新可能,1296,1,0
http://www.woshipm.com/evaluating/1854907.html,谈谈微信7.0的新功能,1466,2,1
http://www.woshipm.com/pd/1853414.html,电商O2O后台产品的需求对接和产品设计,7036,47,16
http://www.woshipm.com/pd/1848985.html,用HMW方法，分析享物说平台的社交优化方向,2992,21,8
http://www.woshipm.com/it/1850519.html,个人云盘：阿里云无影，百度网盘、腾讯微云争霸？,661,0,0
http://www.woshipm.com/it/1850126.html,星巴克PK瑞幸，谁输谁赢得用数据说话,560,0,0
http://www.woshipm.com/rp/1841977.html,Axure：图片切换放大、缩小效果展示,1031,1,0
http://www.woshipm.com/it/1848141.html,抖音、多闪背后的AI和社交,8440,5,8
http://www.woshipm.com/pmd/1847279.html,债权项目复盘：如何解决用户流动性问题？,1596,7,3
http://www.woshipm.com/it/1853698.html,社交革命尚未成功，多闪仍需努力,4382,10,6
http://www.woshipm.com/it/1852472.html,多闪：微信时代的第一条裂缝,5295,9,8
http://www.woshipm.com/it/1850163.html,从备付金100%存管，看移动支付的前世今生,4053,31,30
http://www.woshipm.com/pd/1853060.html,案例分析：绘制流程图需要注意哪些事项？,1.5万,109,34
http://www.woshipm.com/operate/1854879.html,两个月涨粉千万，“食堂夜话”如何征服浮躁的抖音用户？,6459,10,2
http://www.woshipm.com/it/1852740.html,从聊天宝到微信，社交外壳下罗永浩想盘算的是什么？,4912,7,4
http://www.woshipm.com/copy/1852397.html,如何写出一篇高质量的产品文案？教你3步,5507,23,6
http://www.woshipm.com/it/1850255.html,“多闪”，并不能狙击张小龙,7954,11,6
http://www.woshipm.com/it/1852351.html,社交赛道的未来在哪里？,2759,5,7
http://www.woshipm.com/zhichang/1461167.html,秋招之路：从产品角度应对校招,875,1,3
http://www.woshipm.com/operate/1850901.html,做内容，怎么赚钱？垂直社区的三种盈利模式,1770,1,1
http://www.woshipm.com/pd/1852670.html,你的设计，用户真的看得懂吗？,1.4万,58,29
http://www.woshipm.com/newretail/1851985.html,杀“团长”祭流量，巨头“围猎”社区团购进行时,1887,6,2
http://www.woshipm.com/ai/1851649.html,打败「有人设」的，是「有人性」的产品,2193,9,1
http://www.woshipm.com/it/1851639.html,头条系社交产品“多闪”亮相，惊艳还是平庸？,3350,6,0
http://www.woshipm.com/newretail/1852416.html,服饰下沉零售的“人民战争”,2013,4,0
http://www.woshipm.com/rp/1846999.html,如何用Axure做出“加载中”的交互效果？,849,0,1
http://www.woshipm.com/pmd/1852307.html,一位产品经理与一部电影的“思想碰撞”,6172,33,18
http://www.woshipm.com/chuangye/1852233.html,社交创业破局点到了？也许你一开始就想错了,3612,35,4
http://www.woshipm.com/operate/1847533.html,万字长文：初创公司运营架构怎么搭？,2万,122,27
http://www.woshipm.com/pd/1849236.html,交互设计、人机交互、用户体验设计三者有何异同,5030,34,19
http://www.woshipm.com/it/1854157.html,社交创新的冷思考，喧闹过后你会记住谁？,3402,3,10
http://www.woshipm.com/it/1846922.html,罗振宇的狷狂、张小龙的质朴，那些4小时之外超级产品的基本素养？,1240,1,3
http://www.woshipm.com/pmd/1847970.html,数据型产品的用户管理，想要做好不容易,1.3万,36,10
http://www.woshipm.com/ai/1846458.html,在无人驾驶汽车普及之前，车联网都是扯淡,695,0,2
http://www.woshipm.com/pd/1852205.html,如何潜移默化地影响用户？那就在设计中提供更好的选项,2760,11,6
http://www.woshipm.com/it/1845819.html,快手商业化提速，你准备好入局了吗？,548,1,0
http://www.woshipm.com/it/1846147.html,2019年，娱乐不至死,629,0,0
http://www.woshipm.com/operate/1843024.html,「增长黑客」理论提炼与感悟,2086,9,2
http://www.woshipm.com/zhichang/1842313.html,项目复盘：如何通过优化组织结构，提高团队执行力？,1101,3,1
http://www.woshipm.com/pd/1845691.html,一文读懂无处不在的智能推荐系统,1089,7,4
http://www.woshipm.com/it/1850050.html,【多闪】来了——如何看待测试版发布的10项主要功能？,9082,38,7
http://www.woshipm.com/it/1850557.html,2018年，这些时事、职场、理财类高价值公众号你关注了几个？,4989,7,3
http://www.woshipm.com/copy/1847397.html,文案没有特点，是因为你不会演戏,5655,32,10
http://www.woshipm.com/pmd/1847405.html,从产品经理“甩锅”来看外包项目的开发流程（业务篇）,3407,2,6
http://www.woshipm.com/it/1849917.html,马桶、多闪、聊天宝三大门派围攻微信，没一个能打的！,1.5万,32,24
http://www.woshipm.com/it/1846781.html,2019年，“短”文化业态与公司业务发展方向,532,0,0
http://www.woshipm.com/it/1850118.html,微信何时“被架空”？,7721,11,4
http://www.woshipm.com/pd/1849204.html,子弹短信的交互结构有哪些创新之处？,5190,17,15
http://www.woshipm.com/it/1849278.html,三款社交APP，三条不同的社交之路,6307,84,10
http://www.woshipm.com/it/1849723.html,罗永浩：赚钱快如子弹？,5891,17,15
http://www.woshipm.com/it/1849160.html,在浮躁的社交圈里看到一篇优质的分享有多难？,3018,5,2
http://www.woshipm.com/it/1849673.html,供应链金融必知供应链的八大基本原理,2696,9,1
http://www.woshipm.com/pd/1846776.html,年终H5那么多，支付宝网易云凭什么刷爆你的朋友圈？,5560,16,2
http://www.woshipm.com/it/1849202.html,抖音孵化的“多闪”有多闪？,4549,3,4
http://www.woshipm.com/data-analysis/1846422.html,产品分析之统计学悖论,2198,13,11
http://www.woshipm.com/it/1831507.html,网易云2018听歌报告：2019年第一个刷屏小思考,2679,6,7
http://www.woshipm.com/pd/1849331.html,如何创建产品创新章程？,6907,2,1
http://www.woshipm.com/pd/1845986.html,张小龙4小时演讲中“隐藏”的那些设计逻辑,5521,26,10
http://www.woshipm.com/pd/1843478.html,助推理论：为用户设计更好的选择,1664,2,2
http://www.woshipm.com/chuangye/1849856.html,与快播王欣聊了两小时，他告诉我为什么做社交,2.1万,48,21
http://www.woshipm.com/it/1849818.html,没有一款社交软件可以治愈孤独,6605,58,37
http://www.woshipm.com/it/1849800.html,围剿“老龄”微信,6930,5,1
http://www.woshipm.com/operate/1845682.html,深度实操复盘：我是如何做到，4个群1晚营收过百万,9486,49,19
http://www.woshipm.com/pd/1849696.html,“多闪”的短视频社交底层逻辑是什么？,1.1万,18,8
http://www.woshipm.com/it/1845102.html,看1+9个“支付宝” 到底如何普惠全球超10亿人,3349,5,6
http://www.woshipm.com/pmd/1846123.html,如何应对“程咬金型需求”，精准挖掘潜在客户？,6563,38,10
http://www.woshipm.com/it/1847239.html,今日头条的社交产品，可能会怎么打？,1万,21,9
http://www.woshipm.com/it/1844806.html,试点7年后，电子发票发展得怎么样了？,851,6,0
http://www.woshipm.com/pd/1844802.html,CRM 系统设计全复盘（一）：客户关系的定义,2330,12,7
http://www.woshipm.com/it/1843048.html,网红茶饮亦难逃营销之困，喜茶们要怎么破局？,730,0,0
http://www.woshipm.com/evaluating/1833499.html,竞品报告 | 模板让竞品分析一文不值,2981,14,17
http://www.woshipm.com/pmd/1840006.html,DPM认知修炼2：数据产品经理需要什么样的人？,2196,5,2
http://www.woshipm.com/it/1842928.html,拼团无力之后，2019年阿里转战“新制造”抗衡拼多多？,5180,5,4
http://www.woshipm.com/pmd/1843597.html,“三步走”解决需求编写和澄清问题,5367,16,7
http://www.woshipm.com/it/1845456.html,贝索斯：叫醒亚马逊的从来不是闹钟,4046,8,4
http://www.woshipm.com/it/1845813.html,抖音进击，快手下沉,1026,5,0
http://www.woshipm.com/zhichang/1781415.html,辛苦了一年，难道要输在年终总结上？,2381,8,10
http://www.woshipm.com/operate/1845078.html,新时代如何利用传统打法做品牌？,1343,2,0
http://www.woshipm.com/copy/1845556.html,教你高效创作文案：提笔前必知的十大准则与四项要点！,2897,13,4
http://www.woshipm.com/rp/1844822.html,Axure制作网页回到顶部的交互效果,1255,3,1
http://www.woshipm.com/pd/1844489.html,Youtube Premium：模仿竞品并不是正确的产品策略,4615,11,2
http://www.woshipm.com/pd/1844232.html,产品如何做到差异化？试试个性化推荐和数据挖掘,1.1万,23,9
http://www.woshipm.com/it/1842951.html,瑞幸咖啡将走向何方？,6499,7,7
http://www.woshipm.com/pd/1845864.html,马桶MT：私密社交概念评测,3.7万,47,21
http://www.woshipm.com/it/1844973.html,社交媒体凝聚社会共识,1444,4,0
http://www.woshipm.com/pd/1842911.html,思考：如何利用动效提升产品体验？,4009,16,5
http://www.woshipm.com/it/1843248.html,IP经济消亡史,2044,0,0
http://www.woshipm.com/zhichang/1843154.html,研发团队中，如何进行以结果导向的成员评价,1926,8,1
http://www.woshipm.com/pd/1834720.html,作为交互设计师，需要懂得哪些“用户流量”知识,3183,12,3
http://www.woshipm.com/it/1843443.html,直播盛典IP养成记，晚会模式新标配,1965,4,1
http://www.woshipm.com/pd/1843054.html,如何从“微信”上，理解张小龙的好产品设计10个“原则”,1.5万,20,5
http://www.woshipm.com/it/1843892.html,网红餐饮：故事虽然好，收场更重要,2680,2,3
http://www.woshipm.com/user-research/1841106.html,怎样引导用户形成一种习惯,4475,13,3
http://www.woshipm.com/it/1844656.html,直播的前世今生,1415,9,3
http://www.woshipm.com/newretail/1845332.html,做新零售，需要解决哪些问题？,2793,4,2
http://www.woshipm.com/pd/1844829.html,产品反馈设计：如何与用户有效沟通？,2347,12,3
http://www.woshipm.com/pmd/1844756.html,新的一年，规划好自己的产品人生再出发！,8665,99,29
http://www.woshipm.com/it/1845374.html,非荷尔蒙非兴趣，马桶APP想做一个暗黑版的朋友圈,9153,8,2
http://www.woshipm.com/evaluating/1842857.html,在线作业产品的基本构成与逻辑分解,6205,39,7
http://www.woshipm.com/newretail/1844711.html,新零售路线之争：做工具箱还是做CPU？,1363,4,2
http://www.woshipm.com/rp/1834845.html,Axure RP 9 教程：模拟拨号键盘,893,2,1
http://www.woshipm.com/it/1840675.html,产品，是铠甲也是内衣,661,1,2
http://www.woshipm.com/marketing/1842439.html,营销丛林法则（上）,5170,48,26
http://www.woshipm.com/pmd/1824818.html,新人如何做好“产品功能经理”？,1.4万,97,35
http://www.woshipm.com/pmd/1777324.html,高效能产品经理的7个习惯,1.1万,66,23
http://www.woshipm.com/pmd/1842636.html,竞品分析竞的是思维,2.3万,320,71
http://www.woshipm.com/it/1842771.html,共享经济、短视频、新零售、AI：寻觅2019年新经济未来走向,785,1,1
http://www.woshipm.com/it/1840695.html,社交中的用户价值、状态评估及算法匹配模型,6889,31,12
http://www.woshipm.com/pd/1841996.html,如何提升落地页转化率？,1.2万,35,6
http://www.woshipm.com/chuangye/1839901.html,我们为什么打造不好开发团队？,4351,13,6
http://www.woshipm.com/it/1839698.html,三谈洗稿拆书：天下何人不“窃书”,1270,1,0
http://www.woshipm.com/it/1840340.html,教你用产品思维制作微信表情包,5913,22,9
http://www.woshipm.com/operate/1842550.html,连咖啡中不得不说的有趣玩法,7907,40,10
http://www.woshipm.com/chuangye/1842668.html,补贴不再是尚方宝剑——ofo的落败启示录,4749,16,6
http://www.woshipm.com/it/1842228.html,社交江湖再起波澜,3929,6,6
http://www.woshipm.com/user-research/1842179.html,游戏直播重度用户产品体验调研报告,2832,17,9
http://www.woshipm.com/it/1842035.html,娱乐圈人设变迁史,2908,1,1
http://www.woshipm.com/operate/1140778.html,运营进阶：在用户底层需求上建立运营方法论（1）,7739,37,12
http://www.woshipm.com/it/1841815.html,“2018微信数据报告”背后究竟藏着哪些不为人知的秘密？,9316,9,33
http://www.woshipm.com/operate/1787409.html,12种必备的活动策划创意玩法，别说你还不知道！,1.2万,103,23
http://www.woshipm.com/pd/1839048.html,有道精品APP「四六级类别课程」流程图绘制,4113,5,4
http://www.woshipm.com/blockchain/1839299.html,区块链应用：去中心化微博平台构想,2764,11,6
http://www.woshipm.com/it/1841015.html,你可能从来都没想过什么是“先发优势”,1888,8,5
http://www.woshipm.com/zhichang/1839072.html,电商运营修炼手札（逻辑篇）,3079,8,5
http://www.woshipm.com/it/1841507.html,那些互联网产品的套路,4.7万,18,22
http://www.woshipm.com/operate/1838977.html,从0到1学社群运营，首先你需要了解以下几点,4436,10,1
http://www.woshipm.com/pmd/812235.html,有效沟通的“金三脚”法则：信任、沟通、共识,5625,62,33
http://www.woshipm.com/it/1839946.html,九出祁山，不如部署子午谷 | 腾讯的“围杀抖音”策略,2174,3,3
http://www.woshipm.com/it/1839636.html,QQ宠物后腾讯再关webQQ，一个时代的缓慢落幕,2983,1,0
http://www.woshipm.com/zhichang/1840416.html,开好「敏捷」反思会，你必须知道的8个忠告！,1896,3,0
http://www.woshipm.com/it/1839538.html,【天天问每周精选】第62期：我们要不要紧紧黏住用户？,1179,1,1
http://www.woshipm.com/it/1838976.html,2019年，你的增长准备怎么做？,5486,14,5
http://www.woshipm.com/zhichang/1839540.html,从张小龙的4小时演讲说起……,1.1万,57,16
http://www.woshipm.com/operate/1837787.html,解读：新餐饮品牌及运营方法论,4118,20,8
http://www.woshipm.com/zhichang/1838838.html,如何用 3 个决策方法，完成「分析问题」后的临门一脚？,3028,13,6
http://www.woshipm.com/pd/1834204.html,交互设计师必备技能：像卸妆一样拆解界面,7793,75,19
http://www.woshipm.com/operate/1838812.html,运营干货：通过AARRR模型谈谈漫游鲸的运营策略,7740,22,17
http://www.woshipm.com/data-analysis/1833309.html,渠道落地页数据分析,1521,16,6
http://www.woshipm.com/zhichang/1838612.html,新人产品经理，请你别太激进,2066,5,3
http://www.woshipm.com/pmd/1833488.html,深度 | 需求分析的高阶指南,2.1万,221,55
http://www.woshipm.com/it/1838938.html,平台建设的根节与基础保障 | 互联网平台建设系列（八）,790,2,0
http://www.woshipm.com/it/1837623.html,聚焦CIDI智能网联交叉路口技术，车联网V2X深度应用,705,0,0
http://www.woshipm.com/evaluating/1833013.html,分析了豌豆荚 7 万款 App，全是万万没想到,5860,7,3
http://www.woshipm.com/it/1837688.html,社交领域不会有终局，除非人类停止前进,3655,26,5
http://www.woshipm.com/zhichang/1834844.html,不写盈利模式的商业计划书投资人凭什么看？,1301,3,1
http://www.woshipm.com/ai/1834798.html,无人驾驶+智能小程序，是否将迎来行业的下一个红利？,1217,1,3
http://www.woshipm.com/rp/1830773.html,Axure版跳一跳如何制作？,2278,3,5
http://www.woshipm.com/operate/1633175.html,理论+实操：从0到1搭建APP用户等级,7537,106,33
http://www.woshipm.com/pd/1822926.html,解析：自营电商后台系统架构,2048,25,3
http://www.woshipm.com/operate/1836589.html,在竞争体系下，如何让转化率超越其他OP 30个百分点？,2098,4,0
http://www.woshipm.com/pd/1836497.html,如何通过产品设计，提高学习完成率？,2954,5,2
http://www.woshipm.com/pd/1825045.html,大标题设计原则：不要为了用大标题而做大标题,2517,11,2
http://www.woshipm.com/zhichang/1836362.html,不简单的周会与周报,1110,7,0
http://www.woshipm.com/data-analysis/1837540.html,“坑位运营”：数据分析与场景实践,3302,18,4
http://www.woshipm.com/pmd/1836317.html,给新手产品经理的5个小tips,3689,6,2
http://www.woshipm.com/it/1837137.html,「千播登淘」启示录：淘宝直播如何撬动5000亿规模市场？,1230,4,0
http://www.woshipm.com/rp/1835688.html,用 Axure 设计60S倒计时,1625,1,1
http://www.woshipm.com/zhichang/1835803.html,需求分析师如何有效表达需求？,758,5,1
http://www.woshipm.com/it/1834409.html,回望2018：短视频行业4大变化，等在前面的是机会还是陷阱？,583,0,0
http://www.woshipm.com/blockchain/1831369.html,区块链如何赋能对资管行业的穿透式监管？,316,0,1
http://www.woshipm.com/pd/1833589.html,经验分享：如何设计一款完善的CRM系统,4667,46,14
http://www.woshipm.com/pd/1836251.html,摩拜单车租用功能的拓展思考,1704,5,2
http://www.woshipm.com/it/1831561.html,解析2018年度三大用户数据报告——网易云音乐、支付宝、微信,4392,7,2
http://www.woshipm.com/copy/1834765.html,保卫你的创意，如何应对客户的“改改改”？,2529,14,3
http://www.woshipm.com/ai/1832140.html,产品经理的硬能力，从0开始设计智能硬件产品,1.4万,17,13
http://www.woshipm.com/newretail/1833557.html,快时尚巨头烧毁60吨衣服的库存之恶,3742,13,7
http://www.woshipm.com/zhichang/1832942.html,2018年度总结（工作篇）：写给自己，说给大家,3194,5,2
http://www.woshipm.com/ucd/1833705.html,2018年优秀用户体验的7大要素,6057,8,3
http://www.woshipm.com/user-research/1836392.html,你真的懂用户的潜在动机么？,4131,13,8
http://www.woshipm.com/operate/1817370.html,如何有效理解用户？试试内在因素模型、TOFA模型与AIDMA模型,1323,2,1
http://www.woshipm.com/user-research/1834013.html,小程序，大视界：一文解读微信小程序用户行为,1365,9,4
http://www.woshipm.com/it/1833810.html,宏观环境下的消费金融与消费升级,490,2,0
http://www.woshipm.com/rp/1830753.html,如何用AXURE做出密码可见/隐藏的交互效果？,1363,4,1
http://www.woshipm.com/operate/1831474.html,如何决定是否采购一款软件或服务？,2297,8,3
http://www.woshipm.com/user-research/1834301.html,不应被神化的AB测试,4331,17,17
http://www.woshipm.com/rp/1828800.html,如何在Axure原型中嵌套百度地图？,1273,5,2
http://www.woshipm.com/zhichang/1833858.html,抛开鸡汤和广告，《时间的朋友2018》带来了八个思考,899,0,0
http://www.woshipm.com/rp/1821559.html,Axure：高效搭建原型的小技巧,2558,5,8
http://www.woshipm.com/marketing/1833977.html,实战分享 | 手把手教你用一场活动俘获粉丝！,3607,8,1
http://www.woshipm.com/evaluating/1830109.html,如何快速着手分析一个陌生行业？四个步骤入手,1513,11,3
http://www.woshipm.com/pmd/1833293.html,产品经理：2019年度小目标清单,3412,11,8
http://www.woshipm.com/marketing/1806614.html,关于国内程序化广告行业的入门了解（三）,1042,4,1
http://www.woshipm.com/it/1832959.html,社交没有终局，但重复造轮子没有意义,4615,6,4
http://www.woshipm.com/pmd/1833270.html,作为产品经理，在工作中如何避免与开发“相爱相杀”？,1.1万,3,3
http://www.woshipm.com/evaluating/1829100.html,从HOOK模型复盘：为什么“有毒”的音遇能让你上瘾？,9041,78,15
http://www.woshipm.com/copy/1829944.html,掌握这些卖货文案要诀，让文字成为你的赚钱利器,2663,17,4
http://www.woshipm.com/pd/1833332.html,以刷单业务为例：产业平台0-1全过程如何打造？,4217,27,8
http://www.woshipm.com/data-analysis/1830841.html,做竞品分析，不妨试试这款利器！,9083,50,12
http://www.woshipm.com/pd/1823457.html,实操经验：高转化率的教育产品详情页的底层逻辑,3375,19,16
http://www.woshipm.com/pd/1833101.html,短视频类产品设计解析,4816,25,7
http://www.woshipm.com/zhichang/1833423.html,员工管理，别学大禹,3693,14,6
http://www.woshipm.com/newretail/1829231.html,未来社群零售的三个问题,3370,10,2
http://www.woshipm.com/chuangye/1826355.html,Luckin Coffee 为什么会赢？,6514,18,9
http://www.woshipm.com/blockchain/1830370.html,大数据发布：2018区块链死亡名单,4477,4,1
http://www.woshipm.com/operate/1830709.html,活动运营需具备的数据管理能力以及数据分析思路,6321,27,10
http://www.woshipm.com/it/1832573.html,产品经理周报第 52 期｜“上海110”微信报警平台开通；字节跳动15日将发布社交产品，名字不叫“抖信”,3925,6,0
http://www.woshipm.com/it/1832749.html,张小龙的四小时演讲没有用哪些词？,1.8万,65,48
http://www.woshipm.com/pd/1136029.html,通过喜马拉雅FM产品细节，了解传说中的增长黑客是如何管理用户的生命周期增长,5190,33,7
http://www.woshipm.com/it/1829547.html,致创业者：你的梦想里，藏着种子,958,2,7
http://www.woshipm.com/pmd/1592291.html,做一款新的产品时，如何选择产品端？,8870,53,16
http://www.woshipm.com/it/1832311.html,名称，决定了平台的发展愿景 | 互联网平台建设系列（七）,625,0,1
http://www.woshipm.com/it/1831395.html,2岁的小程序，成熟离它有多远？,3896,12,10
http://www.woshipm.com/it/1830867.html,看内容，用微信就够了,692,1,2
http://www.woshipm.com/copy/1830776.html,公众号文章，如何1招拿下顾客？,2952,8,1
http://www.woshipm.com/data-analysis/1813289.html,数据科学边界：数据不能解决什么？,506,3,2
http://www.woshipm.com/operate/1830577.html,搭建运营工具库，提升运营专业力,1.2万,86,20
http://www.woshipm.com/operate/1831276.html,无双向左，护垫侠向右：超级产品是怎样炼成的？,2720,6,2
http://www.woshipm.com/it/1830772.html,张小龙的小程序困局：懂用户，可惜不懂创业者,1.1万,65,29
http://www.woshipm.com/operate/1812170.html,如何从0到1做好企业抖音？,1.4万,59,47
http://www.woshipm.com/it/1824350.html,共享单车盈利：丰满的理想与骨感的现实,550,1,1
http://www.woshipm.com/it/1829077.html,微信放弃“不加V”？,4636,7,1
http://www.woshipm.com/operate/1825732.html,用户运营，让你的用户变成你的“家人”,2222,6,4
http://www.woshipm.com/it/1829083.html,重磅新规落地，短视频即将有哪些变革？,6415,0,0
http://www.woshipm.com/chuangye/1830425.html,2019年内容创业年度报告,6871,19,5
http://www.woshipm.com/zhichang/1827763.html,年终总结攻略｜3个步骤，让老板给你的工作汇报点赞,1.1万,21,4
http://www.woshipm.com/ai/1829165.html,网络——AI的行军之路,559,0,0
http://www.woshipm.com/operate/1827144.html,不衡量和优化关键指标的「增长」都是耍流氓！,1005,1,0
http://www.woshipm.com/it/1828059.html,传统SaaS商天花板到头，转型新零售SaaS有何困境？,369,1,0
http://www.woshipm.com/rp/1825636.html,Axure教程：动态面板实现轮播图效果,1346,3,1
http://www.woshipm.com/pd/1829750.html,案例解析：设计是怎么解决问题的？,6944,35,13
http://www.woshipm.com/pmd/1828985.html,四轮驱动的产品经理能力模型,2376,15,7
http://www.woshipm.com/pd/1824544.html,如何写出详细且易于阅读的PRD？,5314,11,4
http://www.woshipm.com/pd/1829250.html,六种方法提高对比度，让你的设计更有趣,2782,10,9
http://www.woshipm.com/operate/1826541.html,一张电路图，看懂拼多多、连咖啡和新世相的裂变流量狂欢,1万,50,24
http://www.woshipm.com/marketing/1827642.html,中小企业布局营销推广方式的经营策略（1）：用户行为轨迹,3787,30,17
http://www.woshipm.com/operate/1827151.html,4亿用户正在玩：看小游戏「我要当皇上」如何玩转微信裂变增长,5582,16,5
http://www.woshipm.com/it/1829672.html,社交营销人必读 | 张小龙4小时演讲的30句金句,4514,19,2
http://www.woshipm.com/pd/1223984.html,实战案例 | 谈谈产品改版之表单优化,2373,28,11
http://www.woshipm.com/pd/1829025.html,为什么微信迟迟不对订阅号分组？,4041,13,7
http://www.woshipm.com/it/1829176.html,张小龙史上最长演讲：回顾微信的8年历史｜微信公开课最完整版,2.4万,103,42
http://www.woshipm.com/pd/1825558.html,互联网设计圈大盘点：回顾2018，展望2019,3万,192,93
http://www.woshipm.com/it/1824978.html,当风口不再，互金平台如何活下去？,2547,2,2
http://www.woshipm.com/it/1829188.html,张小龙：每天有 5 亿人吐槽微信，有 1 亿人在教我做产品,5472,10,6
http://www.woshipm.com/zhichang/1825482.html,怎样写好事故报告，并且做好经验复用与分享？,6210,16,10
http://www.woshipm.com/pmd/1824291.html,论产品的认知与世界观,2955,6,3
http://www.woshipm.com/it/1827729.html,为红人“续命”，进军娱乐圈是好选择吗？,2542,2,3
http://www.woshipm.com/newretail/1822378.html,288天实践解读：新零售产品设计的“人、货、场”,666,2,5
http://www.woshipm.com/copy/1815878.html,掌握这个思维，你的文案也能价值百万,4599,19,21
http://www.woshipm.com/ucd/1823539.html,七大交互心理学（上）,6184,35,7
http://www.woshipm.com/pd/1826366.html,以“淘宝消息”为例：购物IM功能的优化设计思考,732,2,1
http://www.woshipm.com/chuangye/1827708.html,社交创业到终局了吗？先看这7个思考,2670,28,8
http://www.woshipm.com/operate/1481587.html,像玩乐高一样，学会如何定义产品的商业模式,3384,13,4
http://www.woshipm.com/it/1823094.html,知识付费消停了，广播剧2019要从小众狂欢走向大众化？,460,0,0
http://www.woshipm.com/pmd/1822392.html,DPM认知修炼1：产品经理可能有的未来,2985,6,5
http://www.woshipm.com/operate/1813978.html,通过Airbnb邮件策略，学产品增长,1106,0,0
http://www.woshipm.com/pd/1823833.html,发送优惠券的H5界面，如何设计？,7081,65,50
http://www.woshipm.com/it/1811434.html,案例解析 | 故宫火爆文创背后的思考,760,1,0
http://www.woshipm.com/evaluating/1824360.html,产品分析：揭秘美柚电商模块,1402,4,1
http://www.woshipm.com/it/1824563.html,社交，到底是什么？,3554,16,5
http://www.woshipm.com/operate/1823968.html,探讨社交业务流：社交产品必做的那些事,3100,20,14
http://www.woshipm.com/it/1824855.html,Shopify教你：如何每天从竞争对手手里偷1个客户？,3092,6,2
http://www.woshipm.com/rp/1826481.html,Axure RP 9 教程—全局变量的使用,1038,1,3
http://www.woshipm.com/it/1824499.html,高频交易：信息与时间的战争,1271,2,1
http://www.woshipm.com/data-analysis/1608473.html,千万日活级产品人必备（四）：宏观市场数据把握,5673,22,8
http://www.woshipm.com/it/1815590.html,微博上线9.0版本：视频社区能否创造新一轮微博奇迹？,374,0,0
http://www.woshipm.com/pd/1822964.html,产业互联网产品设计需求篇 | 市场分析报告MRD,4319,40,9
http://www.woshipm.com/it/1823883.html,DPA，离千人千面还有多远,2410,8,4
http://www.woshipm.com/operate/1140777.html,撬动产品增长线（2）：完成冷启动后，3个月运营增长从2W到10W+,3105,10,3
http://www.woshipm.com/it/1823410.html,资产荒背景下的“区块链+供应链金融”新希望,293,2,2
http://www.woshipm.com/pmd/1824946.html,复盘|新一年换工作后的首次总结,3572,7,3
http://www.woshipm.com/it/1826043.html,2018 微信数据报告,3.2万,36,14
http://www.woshipm.com/copy/1823197.html,文案的境界，就是和客户“调情”,4812,24,10
http://www.woshipm.com/pmd/1823211.html,与 167 位增长经理共事后的经验总结：10 条产品力原则,8373,55,19
http://www.woshipm.com/zhichang/1823356.html,3点实用建议，让你的2019不再焦虑！,1.2万,118,48
http://www.woshipm.com/it/1824137.html,5G与AI、物联网、硬件、软件、大数据的关系,8756,20,11
http://www.woshipm.com/it/1785925.html,关于社交产品，我眼中最理想的样子,7649,115,18
http://www.woshipm.com/user-research/1823869.html,对于你的用户，你到底了解多少？,2950,12,3
http://www.woshipm.com/it/1814662.html,分析问题时如何「搜集信息」？这里有 2 个方法和 20 个渠道,4197,29,8
http://www.woshipm.com/pmd/1819402.html,市场需求文档MRD：校园外卖配送,1.1万,74,20
http://www.woshipm.com/operate/1822063.html,通过运营思维抓住人生的7次暴富机会！！,2629,1,1
http://www.woshipm.com/marketing/1822274.html,连单板滑雪都不会，你还做个锤子的广告！,1336,0,2
http://www.woshipm.com/data-analysis/1808267.html,数据分析武器库：模型空间概述,877,5,1
http://www.woshipm.com/pd/1621512.html,无处不在的个性化推荐,996,4,0
http://www.woshipm.com/pd/1824187.html,公共交通出行场景下的信息化设计,4061,16,11
http://www.woshipm.com/it/1814011.html,Facebook的增长故事：能不能给我点个赞？,457,1,0
http://www.woshipm.com/it/1824047.html,拼多多们的反共识,5690,52,9
http://www.woshipm.com/data-analysis/1808292.html,数据分析的核心：建模,3391,6,1
http://www.woshipm.com/it/1823827.html,微博9.0，还有机会阻击抖音吗？,9735,25,13
http://www.woshipm.com/it/1808330.html,App命名这件小事（3）：命名之道,1007,4,1
http://www.woshipm.com/rp/1820243.html,产品经理们，你们使用过Axure绘制矢量图吗？,1628,1,1
http://www.woshipm.com/it/1823615.html,死亡笔记：那些为独角兽默哀的90后,4463,12,12
http://www.woshipm.com/operate/1806486.html,新客频道运营实例：想要提升GMV，你需要这样做,3399,4,2
http://www.woshipm.com/ai/1821385.html,chatbot系列：对话设计中槽位的概念,2303,12,3
http://www.woshipm.com/it/1815975.html,重新定义宣发2.0，抖音如何让更多原创音乐被听见、看见？,701,0,0
http://www.woshipm.com/zhichang/1816876.html,都2019了，别人都开始做信息图啦，你还在用excel生成图表！,1.2万,13,5
http://www.woshipm.com/pd/1500855.html,产品价值下的UX设计,1338,12,3
http://www.woshipm.com/marketing/1822112.html,揭秘团购裂变：美团因它价值千亿，拼多多凭它上市崛起,6959,28,10
http://www.woshipm.com/pmd/1105319.html,为什么产品经理越来越难招了？,1.5万,29,8
http://www.woshipm.com/pmd/1821530.html,经验分享：To B产品经理在项目解决方案输出中，需要做些什么？,1.1万,46,28
http://www.woshipm.com/it/1753911.html,2018年度十大爆红营销事件盘点,1.1万,23,8
http://www.woshipm.com/it/1821837.html,“河北土味”是怎样成为网络亚文化的？,4303,5,4
http://www.woshipm.com/pmd/1821855.html,利用好产品思维，项目团队管理工作没那么难,7067,42,16
http://www.woshipm.com/pd/1821405.html,从三次可用性测试中，我学到了什么？,2431,9,5
http://www.woshipm.com/operate/1822289.html,社区搭建的骨架：4种内容组织形式,3638,32,1
http://www.woshipm.com/it/1822648.html,下沉市场的红利与仍在亏损的趣头条,3205,2,2
http://www.woshipm.com/marketing/1821900.html,营销就是行为设计！,5367,61,11
http://www.woshipm.com/zhichang/1822235.html,5年职场踩坑无数，总结了20条经验，建议收藏起来慢慢看！,6684,73,18
http://www.woshipm.com/pmd/1819542.html,产品需求文档PRD：校园外卖配送,8462,63,7
http://www.woshipm.com/it/1819259.html,从微信更新的7.01版本，看互联网套路,5075,11,2
http://www.woshipm.com/pd/1820763.html,引导式交互：让决策更简单,4104,24,15
http://www.woshipm.com/zhichang/1819998.html,如何以目标驱动企业项目化管理？,2123,4,1
http://www.woshipm.com/marketing/1811261.html,案例解析 | 你听说过故宫咖啡没？,4497,3,1
http://www.woshipm.com/it/1819375.html,微博大战再起：微头条独立VS新浪微博，腾讯微博复活刻不容缓,3837,6,4
http://www.woshipm.com/ai/1819863.html,智能音箱让世界变得更好了吗？,2763,8,5
http://www.woshipm.com/data-analysis/1806313.html,一个真实案例教你运用数据分析,1.6万,81,26
http://www.woshipm.com/pmd/1818984.html,项目复盘：做好项目中的流程管理,9654,111,34
http://www.woshipm.com/it/1815600.html,关于互联网寒冬，你所不了解的那些事,1685,2,0
http://www.woshipm.com/it/1819372.html,生鲜电商带火冷链物流，中、圆、申三通如何拼了命地排兵布阵？,763,2,0
http://www.woshipm.com/operate/1813997.html,Facebook的增长故事：社交网络的开山鼻祖,1431,1,0
http://www.woshipm.com/pmd/1818947.html,产品经理，你为什么要学会拒绝需求？,1.7万,100,34
http://www.woshipm.com/pmd/1418679.html,AI产品经理必懂算法：支持向量机SVM,1861,1,0
http://www.woshipm.com/data-analysis/1808313.html,数据分析的准备工作：从问题分析到数据清洗,2095,9,2
http://www.woshipm.com/pd/1807519.html,平台型电商和自营型电商系统的售后流程设计，有何区别？,5773,47,16
http://www.woshipm.com/pd/1818864.html,Snapseed：针对批量处理照片需求的功能迭代,3449,13,8
http://www.woshipm.com/zhichang/1815834.html,2018年产品经理：这十五条工作心得你不得不知道,1599,7,3
http://www.woshipm.com/ai/1820745.html,人工智能艺术：一场用算法固定创意的马拉松，跑了千年,1881,2,1
http://www.woshipm.com/copy/1818740.html,这有一份转化率超85％的详情页文案模板,7640,94,11
http://www.woshipm.com/pd/1818039.html,航司电商产品设计有何不同？,1958,13,4
http://www.woshipm.com/pd/1815809.html,无需获取的信息、全动态化设计与零信任机制,1520,9,6
http://www.woshipm.com/ai/1819752.html,AI还是宠物，未来你会更爱谁？,1950,3,1
http://www.woshipm.com/pmd/1800723.html,PRD：倒推“JOIN”App产品需求文档,6728,45,11
http://www.woshipm.com/operate/1819094.html,作为运营人，如何把握用户焦虑心理？,6371,39,17
http://www.woshipm.com/it/1621240.html,对一个公式的思考：拆解指标得到业务发展提案,1537,9,1
http://www.woshipm.com/it/1817817.html,聊聊信息的传播与社交圈层化,1734,6,4
http://www.woshipm.com/it/1818301.html,10个“知识点”：你所不知道或知道的短视频（下）,2475,13,8
http://www.woshipm.com/marketing/1819176.html,立标杆、做细分，2018抖音内容营销盘点！,4291,13,4
http://www.woshipm.com/pd/1815387.html,小程序页面层级与跳转逻辑的设计,5684,31,8
http://www.woshipm.com/marketing/1814865.html,一张传单，一天卖出400+杯奶茶,9666,27,16
http://www.woshipm.com/pd/1817217.html,导航栏设计：有「发现」模块的产品，就不应该再有「首页」的存在？,3634,22,9
http://www.woshipm.com/ai/1815503.html,研发三款机器人过程中的踩坑血泪史,2051,13,7
http://www.woshipm.com/it/1810982.html,案例解析 | 美团的迷之“野蛮”,3734,16,8
http://www.woshipm.com/operate/1815461.html,用研驱动增长：重新定义增长时代下的“用研”,3543,12,5
http://www.woshipm.com/it/1814163.html,您有一份「上海运营增长大会」参会指南，请查收,4405,4,0
http://www.woshipm.com/operate/1817960.html,内容平台的剩余流量如何经营？,2791,5,2
http://www.woshipm.com/it/1815494.html,怎么看网易云音乐 2018 年年度报告？,1.2万,83,16
http://www.woshipm.com/pmd/1815349.html,通过原型模版，提升对产品的感知力,1509,4,0
http://www.woshipm.com/it/1815612.html,再谈拆书：罗振宇抢了谁的饭碗？,4585,11,9
http://www.woshipm.com/it/1814023.html,移动互联网本质的三点思考,477,1,0
http://www.woshipm.com/pmd/809368.html,“适速产品研发”体系之产品管理的三个过程,922,4,0
http://www.woshipm.com/pd/1814279.html,产品设计：从0到1设计一款播放器APP,5457,35,12
http://www.woshipm.com/pmd/1814678.html,2018一整年的产品思考与心得,1.3万,93,39
http://www.woshipm.com/it/1812467.html,从腾讯棒杀“她face+”，看美颜产品之殇,8860,4,4
http://www.woshipm.com/it/1814951.html,【天天问每周精选】第61期：据说大部分的产品经理都不喜欢自己的产品,2296,2,1
http://www.woshipm.com/zhichang/1815283.html,2018，工作“第一年”的小结,6145,8,4
http://www.woshipm.com/it/1812586.html,内容创业洗稿，知识付费拆书,5236,37,12
http://www.woshipm.com/pmd/1812302.html,运用产品思维，解决实际问题,9286,72,27
http://www.woshipm.com/marketing/1811123.html,营销案例解析 | 瑞幸咖啡的几个关键词,8652,40,11
http://www.woshipm.com/pd/1809299.html,混合现实设计中如何进行构思、沟通和创新？,2119,3,1
http://www.woshipm.com/pd/1722747.html,大合集：功能权限设计的那些事,6652,79,23
http://www.woshipm.com/it/1814844.html,2019超级产品，我和未来设计有个约会！,3992,9,6
http://www.woshipm.com/it/1811837.html,“好好学习”笔记功能PRD分享,6847,58,10
http://www.woshipm.com/pd/1808425.html,从夸克看极简浏览器的设计,7823,26,9
http://www.woshipm.com/it/1810271.html,内容领域陷入“柠檬市场”，“用户时长价值”重建三方信任,945,1,2
http://www.woshipm.com/it/1814814.html,2019年社交媒体信息流广告玩法趋势,1543,4,1
http://www.woshipm.com/it/1810812.html,下沉市场背后的真实中国：动能转换、长尾苏醒与平台逆袭,2926,14,8
http://www.woshipm.com/data-analysis/1808299.html,数据分析的三大框架：底层技术、分析建模、工具选择,1328,11,6
http://www.woshipm.com/pmd/1795084.html,在了解清楚需求后，如何快速输出需求文档？,5337,17,6
http://www.woshipm.com/pmd/1812308.html,入坑初级产品后，我学到的三个“怎么做”,1万,118,52
http://www.woshipm.com/pd/1812256.html,产品设计的四个统一,2715,11,2
http://www.woshipm.com/pd/1810695.html,物业APP业务流程设计（1）：物业报修流程,1590,8,5
http://www.woshipm.com/zhichang/1809828.html,五个关键步骤，实现OKR的最佳效果,3153,5,2
http://www.woshipm.com/operate/1814538.html,围墙里的“大生意”，重运营的社区零售如何降低人力成本？,2690,13,0
http://www.woshipm.com/marketing/1811284.html,营销案例解析 | 由故宫的返老还童说起,2965,8,5
http://www.woshipm.com/operate/1809641.html,从costco的战术体系，看寒冬中都在说的会员经济到底是什么？,1.4万,72,14
http://www.woshipm.com/operate/1804032.html,实战经验 | 谈谈线下活动推广两重门,2437,4,1
http://www.woshipm.com/evaluating/1721592.html,产品分析：KEEP的商业布局,7859,35,14
http://www.woshipm.com/ai/1810531.html,没有NLP技术背景，如何造一款AI产品？,2267,11,2
http://www.woshipm.com/pmd/1808733.html,我是如何完成一年连续2次晋升的 | 360产品经理2018年终总结,2万,137,58
http://www.woshipm.com/operate/1810903.html,跨年演唱会赞助哪家强？一场来自拼多多和抖音的增长示范,4495,6,5
http://www.woshipm.com/operate/1810979.html,运营经验分享：如何用红包进行拉新？,2452,14,4
http://www.woshipm.com/pd/1809505.html,用户留存 | 你需要搭建的消息PUSH系统,3842,14,3
http://www.woshipm.com/video/1809398.html,视频 | 重构机器人的人机交互体验,793,4,3
http://www.woshipm.com/chuangye/1807966.html,2019年小人物创业指南之「事」,2794,11,9
http://www.woshipm.com/data-analysis/1806245.html,一文教你学会如何做销售分析,9920,48,13
http://www.woshipm.com/it/1812109.html,保险公司互联网平台的战略定位 | 互联网平台建设系列（六）,696,2,1
http://www.woshipm.com/it/1801662.html,什么是债权转让？,562,3,0
http://www.woshipm.com/evaluating/1806308.html,移动医疗APP竞品分析 | 平安好医生 VS 春雨医生,7170,26,11
http://www.woshipm.com/operate/1803969.html,消费者全渠道精细化运营方案,3054,12,4
http://www.woshipm.com/user-research/1807771.html,影响用户体验的3种参数,1412,5,5
http://www.woshipm.com/it/1807895.html,消费金融展望：2019年能走出低谷吗？,658,3,0
http://www.woshipm.com/operate/1809548.html,2018，最热门的10大增长黑客策略,1.5万,103,42
http://www.woshipm.com/it/1808478.html,你失去的，不仅是一张张“无聊”的报纸,2386,3,2
http://www.woshipm.com/zhichang/1809662.html,设计职业：如何通过有效途径找到合适的设计工作？,4369,18,6
http://www.woshipm.com/zhichang/1798375.html,费曼技巧，一个绝佳的学习方法,1528,0,0
http://www.woshipm.com/operate/1809506.html,2019年走出流量寒冬，运营人必知的2个策略,6810,26,10
http://www.woshipm.com/it/1809610.html,互联网下半场：重新发明轮子,3779,6,1
http://www.woshipm.com/pmd/1804957.html,时代快速多变，产品经理该如何应对？,1854,5,3
http://www.woshipm.com/pmd/1800433.html,产品经理爱迪生的抄袭之道：商业如何分化我们的认知,1385,2,3
http://www.woshipm.com/pd/1808941.html,膨胀红包，一个会营销的红包（附产品设计思路）,3433,73,15
http://www.woshipm.com/it/1809204.html,恋爱圈：一个男女不平等的“探探”？,7348,14,8
http://www.woshipm.com/operate/1809418.html,如何实现个人号快速涨粉？这有一套私域流量池的打造方法论,5828,30,6
http://www.woshipm.com/pd/1807851.html,推荐产品中的负反馈设计策略,925,5,1
http://www.woshipm.com/pd/1798893.html,有了产品创意下一步怎么办？资深总裁培训师给你答案！,474,1,3
http://www.woshipm.com/it/1809317.html,2019新媒体趋势预测：竖屏为王，泡沫尽去,4665,17,7
http://www.woshipm.com/pmd/1796821.html,换了新工作，如何快速熟悉新公司产品,3725,25,14
http://www.woshipm.com/it/1807358.html,“得到”和“极客时间”功能对比分析：如何做“好好学习”的笔记功能？,2649,14,1
http://www.woshipm.com/pd/1809263.html,有时候对产品钻研很深却并没有带来好体验，为什么？,2817,9,6
http://www.woshipm.com/user-research/1808717.html,为什么喜羊羊的客户不是小朋友？,5210,30,26
http://www.woshipm.com/pd/1798487.html,结果导向设计方法论——学会定义产品最终体验,2476,17,23
http://www.woshipm.com/chuangye/1797444.html,黄金60s：这个从0到1的套路，腾讯和Airbnb如何用的,3489,21,10
http://www.woshipm.com/operate/1805499.html,社交产品现状分析与前景展望,3209,24,6
http://www.woshipm.com/it/1805951.html,抓住未来产业互联网时代的小趋势！,3155,13,7
http://www.woshipm.com/evaluating/1801157.html,她说：校园社交小程序的野望,4723,7,9
http://www.woshipm.com/pd/1808370.html,信息流广告如何设计才能提高点击率？,5634,14,7
http://www.woshipm.com/data-analysis/1806266.html,微信公众号的背后，有着怎样的数据支撑？,3533,13,4
http://www.woshipm.com/it/1808540.html,反常识：为什么好产品平淡无奇，酷产品尽是泡沫？,1.7万,29,22
http://www.woshipm.com/it/1806974.html,2018年互联网行业大事件年终盘点,7930,14,7
http://www.woshipm.com/pmd/1806671.html,2019，给产品人几点共勉的建议,9097,26,13
http://www.woshipm.com/it/1805707.html,2018年二手车电商：产业的大年，创业的小寒,1646,2,3
http://www.woshipm.com/it/1807604.html,产品经理周报第 51 期｜京东针对商家上线“以考代罚”功能；“闲鱼优品”频道上线，提供品牌官方闲置等商品,2713,4,1
http://www.woshipm.com/it/1802314.html,2019年，微信到底、裂变到底、增长到底！,4.3万,223,75
http://www.woshipm.com/operate/1806735.html,解析“王思聪热搜体质”，他真的放个屁都有4000万人听吗？,6190,31,12
http://www.woshipm.com/it/1807381.html,如何更好地告别2018,3468,2,5
http://www.woshipm.com/pd/1807001.html,2019，那些工业设计中的小趋势！,4882,15,6
http://www.woshipm.com/data-analysis/1806210.html,数据驱动决策的10种思维,6704,29,14
http://www.woshipm.com/it/1805534.html,“盛世”抖音，危机“四伏”,1184,2,0
http://www.woshipm.com/ai/1805814.html,以“点一份披萨外卖”为例：了解机器学习工作流程,3845,5,0
http://www.woshipm.com/it/1803838.html,2019年，互金行业会更好吗？,3086,7,2
http://www.woshipm.com/operate/1798884.html,社群共同体模式构成：IP + 社群 + 场景 + 众筹 + 场景,2891,22,1
http://www.woshipm.com/rp/1801697.html,Axure：拖动滑块解锁进行验证,3351,4,3
http://www.woshipm.com/operate/1806642.html,运营部来了个落榜生,1.6万,136,77
http://www.woshipm.com/operate/1804439.html,方案没效果，到底方法有问题还是人有问题？,3148,13,4
http://www.woshipm.com/pmd/1803602.html,新需求的处理——如何最小化主观决策？,1862,2,2
http://www.woshipm.com/it/1804132.html,2019年，音遇是否可以避免成为下一个子弹短信？,1607,4,1
http://www.woshipm.com/it/1803829.html,在线K歌又现新模式，音遇APP能否站稳脚跟？,1210,4,1
http://www.woshipm.com/marketing/1802207.html,品牌即社交，如何跟Z世代玩在一起？,1495,1,1
http://www.woshipm.com/pd/1804805.html,登录注册功能PRD的正确书写方式,1.1万,44,5
http://www.woshipm.com/operate/1629734.html,品牌认同感如何被”设计“？,4026,15,12
http://www.woshipm.com/zhichang/1798358.html,想问题不全面？看看「奥斯本稽核表法」,1072,3,0
http://www.woshipm.com/zhichang/1805076.html,写给寒冬下的轻履历应届PM（面试准备篇）,1550,19,12
http://www.woshipm.com/it/1805713.html,2008年的硅谷,1772,7,6
http://www.woshipm.com/it/1805369.html,观点背后的假设，你看清了吗？,238,0,0
http://www.woshipm.com/it/1789177.html,数据分析案例：谁是2018当之无愧的“第一”国产电影？,1129,2,70
http://www.woshipm.com/it/1805619.html,微信7.0的张狂：“好看”的内容电商,8432,16,6
http://www.woshipm.com/pd/1800869.html,如何做一款SDK产品？,4532,20,10
http://www.woshipm.com/pd/1796218.html,阻力设计的正确使用方法,3303,23,14
http://www.woshipm.com/it/1795811.html,谷歌搜索「idiot」事件并不意外——细数你不知道的谷歌那些事儿,291,2,0
http://www.woshipm.com/it/1803131.html,一文了解线上租赁,2273,1,2
http://www.woshipm.com/it/1797793.html,与其“回答2018”，不如一起穿越周期,1340,3,0
http://www.woshipm.com/it/1799751.html,2018罗振宇跨年演讲：抓住小趋势，改变大命运,1.2万,20,26
http://www.woshipm.com/copy/1802925.html,如何写出高转化率的“销售型”文案？试试这2种策略6种方法,3020,15,11
http://www.woshipm.com/pmd/1804212.html,2019，把它过成最好的一年,2.3万,154,90
http://www.woshipm.com/evaluating/1796102.html,产品分析报告：小度音箱App,6905,42,13
http://www.woshipm.com/it/1797848.html,回望十年之路，移动互联网的时代终结,6194,16,19
http://www.woshipm.com/it/1798515.html,网红茶饮难逃“短命”之殇，喜茶能否打破这个魔咒？,1062,1,0
http://www.woshipm.com/zhichang/1780864.html,对百度的产品经理面试的一次复盘,1853,5,5
http://www.woshipm.com/it/1798340.html,2018年度盘点 | 隐藏在“信息流”里的那些明争暗斗,699,3,1
http://www.woshipm.com/it/1797935.html,微信小程序诞生两周年，回顾小程序兴衰历程,1179,12,2
http://www.woshipm.com/marketing/1797808.html,微博营销这一年：方法论进化、“社交×消费”场景打通、爆款案例频出,1851,2,0
http://www.woshipm.com/ai/1798019.html,AI要如何助力冷启动个性化推荐？,1.2万,14,11
http://www.woshipm.com/it/1782454.html,年度奖项，花落谁家？｜2018年度专栏作家评选榜单揭晓,2266,4,2
http://www.woshipm.com/it/1799453.html,抖音为Vlog开测5分钟长视频？解读Vlog的前世今生,9552,22,14
http://www.woshipm.com/pmd/1794000.html,如何掌握产品埋点？,5424,32,9
http://www.woshipm.com/it/1797707.html,2018年度：一个媒体从业者的思考,525,0,1
http://www.woshipm.com/pd/1797160.html,销售管理系统的产品设计（一）,5014,14,3
http://www.woshipm.com/it/1781921.html,从微信7.0谈谈：熟人社交撬动起的内容生态,6663,28,7
http://www.woshipm.com/it/1799423.html,“四问”社区团购,3062,14,1
http://www.woshipm.com/it/1793876.html,写给产品人：互联网下半场，我们应如何应对？,1.2万,145,39
http://www.woshipm.com/it/1802066.html,见证我的2018：变化中成长,3024,10,3
http://www.woshipm.com/user-research/1790657.html,3种用户洞察能力的定义以及练习方法,6360,61,19
http://www.woshipm.com/pd/1799366.html,后台产品设计系列：搜索的细节（八）,2359,22,10
http://www.woshipm.com/it/1801183.html,回首2018，展望2019：新零售的五大变数,3503,7,5
http://www.woshipm.com/marketing/1800834.html,简单的2步，帮你的产品找到合适的品牌人格,3614,25,4
http://www.woshipm.com/zhichang/1801310.html,这个世界上99%的焦虑，都来自于错误的信念,1848,6,6
http://www.woshipm.com/pd/1801432.html,数据把戏：为什么总有乙方号称他的模型效果达到 0.6？,702,1,0
http://www.woshipm.com/pd/1801216.html,2019，产品人和设计师如何培养这5个好习惯,5497,41,11
http://www.woshipm.com/it/1801162.html,2019 不能错过的这6个趋势,1.5万,24,15
http://www.woshipm.com/pd/1793942.html,资产负债表(科目篇)：负债和所有者权益科目,3050,9,4
http://www.woshipm.com/marketing/1765029.html,总结：15种常见的消费者心理及对应的营销策略,9207,67,24
http://www.woshipm.com/it/1771557.html,告别2018：回顾互联网企业的转变与发展,1318,0,5
http://www.woshipm.com/pmd/1797322.html,高级产品经理必备的6种核心能力,2万,191,56
http://www.woshipm.com/evaluating/1798253.html,产品分析：成长中的「即刻」,5415,16,5
http://www.woshipm.com/operate/1799172.html,流量运营三板斧：微信7.0改版后的增长黑客指南,6076,30,9
http://www.woshipm.com/rp/1796335.html,仿网易云播放器：带声音可切换歌曲的播放器,1986,9,6
http://www.woshipm.com/it/1798571.html,粉丝经济，其实是一场精心设计的“骗局”？,2616,5,2
http://www.woshipm.com/zhichang/1795015.html,学会 7 步追问法，找到分析问题的起点,7430,40,7
http://www.woshipm.com/pmd/1782496.html,总结复盘｜转行智能硬件产品半年来的那些事儿,3240,10,3
http://www.woshipm.com/it/1797437.html,短视频，钱途无量,7438,25,8
http://www.woshipm.com/it/1794413.html,农资零售店，要如何赋能成为互联网+农业落地的入口？,1807,5,8
http://www.woshipm.com/it/1797113.html,Supreme，如何从潮味变土味？,5655,1,1
http://www.woshipm.com/it/1795238.html,不止旅行，微博旅游为何能实现社交赋能？,1609,4,0
http://www.woshipm.com/pmd/1797788.html,运用产品思维，做自己人生的设计师,1.6万,91,53
http://www.woshipm.com/chuangye/1797154.html,以“开会”为例，谈谈创业公司不同阶段的管理方式 | SaaS创业路线图（31）,3703,15,9
http://www.woshipm.com/zhichang/1810033.html,一位重度拖延创业者的#新年自救指南#,1243,6,3
http://www.woshipm.com/operate/1797405.html,被山寨围攻的喜茶,6770,11,8
http://www.woshipm.com/pmd/1650599.html,2019进阶指南：产品总监成长的四点能力及六个反思,1.8万,174,57
http://www.woshipm.com/it/1796661.html,2019，新媒体会更艰难吗？,3704,9,2
http://www.woshipm.com/pd/1797440.html,从360到腾讯设计师，我的2018年度总结,9770,84,45
